Symbol,Date,Close,High,Low,Open,Volume,Difference
MSFT,2021-12-01,330.0799865722656,339.2799987792969,329.3900146484375,335.1300048828125,33337600,
MSFT,2021-12-02,329.489990234375,333.489990234375,327.79998779296875,330.29998779296875,30766000,-0.589996337890625
MSFT,2021-12-03,323.010009765625,332.70001220703125,318.0299987792969,331.989990234375,41779300,-6.47998046875
MSFT,2021-12-06,326.19000244140625,327.45001220703125,319.2300109863281,323.95001220703125,30032600,3.17999267578125
MSFT,2021-12-07,334.9200134277344,335.79998779296875,330.1000061035156,331.6400146484375,31021900,8.730010986328125
MSFT,2021-12-08,334.9700012207031,335.5,330.79998779296875,335.3099975585937,24761000,0.04998779296875
MSFT,2021-12-09,333.1000061035156,336.489990234375,332.1199951171875,334.4100036621094,22214200,-1.8699951171875
MSFT,2021-12-10,342.5400085449219,343.0,334.7900085449219,334.9800109863281,38095700,9.44000244140625
MSFT,2021-12-13,339.3999938964844,343.7900085449219,339.0799865722656,340.67999267578125,28899400,-3.1400146484375
MSFT,2021-12-14,328.3399963378906,334.6400146484375,324.1099853515625,333.2200012207031,44438700,-11.05999755859375
MSFT,2021-12-15,334.6499938964844,335.19000244140625,324.5,328.6099853515625,35381100,6.30999755859375
MSFT,2021-12-16,324.8999938964844,336.760009765625,323.0199890136719,335.7099914550781,35034800,-9.75
MSFT,2021-12-17,323.79998779296875,324.9200134277344,317.25,320.8800048828125,47750300,-1.100006103515625
MSFT,2021-12-20,319.9100036621094,322.79998779296875,317.57000732421875,320.04998779296875,28326500,-3.889984130859375
MSFT,2021-12-21,327.2900085449219,327.7300109863281,319.79998779296875,323.2900085449219,24740600,7.3800048828125
MSFT,2021-12-22,333.20001220703125,333.6099853515625,325.75,328.29998779296875,24831500,5.910003662109375
MSFT,2021-12-23,334.69000244140625,336.3900146484375,332.7300109863281,332.75,19617800,1.489990234375
MSFT,2021-12-27,342.45001220703125,342.4800109863281,335.42999267578125,335.4599914550781,19947000,7.760009765625
MSFT,2021-12-28,341.25,343.8099975585937,340.32000732421875,343.1499938964844,15661500,-1.20001220703125
MSFT,2021-12-29,341.95001220703125,344.29998779296875,339.67999267578125,341.29998779296875,15042000,0.70001220703125
MSFT,2021-12-30,339.32000732421875,343.1300048828125,338.82000732421875,341.9100036621094,15994500,-2.6300048828125
MSFT,2021-12-31,336.32000732421875,339.3599853515625,335.8500061035156,338.510009765625,18000800,-3.0
MSFT,2022-01-03,334.75,338.0,329.7799987792969,335.3500061035156,28865100,-1.57000732421875
MSFT,2022-01-04,329.010009765625,335.20001220703125,326.1199951171875,334.8299865722656,32674300,-5.739990234375
MSFT,2022-01-05,316.3800048828125,326.07000732421875,315.9800109863281,325.8599853515625,40054300,-12.6300048828125
MSFT,2022-01-06,313.8800048828125,318.70001220703125,311.489990234375,313.1499938964844,39646100,-2.5
MSFT,2022-01-07,314.0400085449219,316.5,310.0899963378906,314.1499938964844,32720000,0.160003662109375
MSFT,2022-01-10,314.2699890136719,314.7200012207031,304.69000244140625,309.489990234375,44289500,0.22998046875
MSFT,2022-01-11,314.9800109863281,316.6099853515625,309.8900146484375,313.3800048828125,29386800,0.71002197265625
MSFT,2022-01-12,318.2699890136719,323.4100036621094,317.0799865722656,319.6700134277344,34372200,3.28997802734375
MSFT,2022-01-13,304.79998779296875,320.8800048828125,304.0,320.4700012207031,45366000,-13.470001220703125
MSFT,2022-01-14,310.20001220703125,310.82000732421875,303.75,304.25,39846400,5.4000244140625
MSFT,2022-01-18,302.6499938964844,309.79998779296875,301.739990234375,304.07000732421875,42333200,-7.550018310546875
MSFT,2022-01-19,303.3299865722656,313.9100036621094,302.70001220703125,306.2900085449219,45933900,0.67999267578125
MSFT,2022-01-20,301.6000061035156,311.6499938964844,301.1400146484375,309.07000732421875,35380700,-1.72998046875
MSFT,2022-01-21,296.0299987792969,304.1099853515625,295.6099853515625,302.69000244140625,57984400,-5.57000732421875
MSFT,2022-01-24,296.3699951171875,297.1099853515625,276.04998779296875,292.20001220703125,85731500,0.339996337890625
MSFT,2022-01-25,288.489990234375,294.989990234375,285.1700134277344,291.5199890136719,72848600,-7.8800048828125
MSFT,2022-01-26,296.7099914550781,308.5,293.0299987792969,307.989990234375,90428900,8.220001220703125
MSFT,2022-01-27,299.8399963378906,307.29998779296875,297.92999267578125,302.6600036621094,53481300,3.1300048828125
MSFT,2022-01-28,308.260009765625,308.4800109863281,294.45001220703125,300.2300109863281,49743700,8.420013427734375
MSFT,2022-01-31,310.9800109863281,312.3800048828125,306.3699951171875,308.95001220703125,46444500,2.720001220703125
MSFT,2022-02-01,308.760009765625,310.6300048828125,305.1300048828125,310.4100036621094,40950400,-2.220001220703125
MSFT,2022-02-02,313.4599914550781,315.1199951171875,308.8800048828125,309.6300048828125,36636000,4.699981689453125
MSFT,2022-02-03,301.25,311.2300109863281,299.9599914550781,309.489990234375,43730000,-12.209991455078125
MSFT,2022-02-04,305.94000244140625,308.79998779296875,299.9700012207031,300.2099914550781,35096500,4.69000244140625
MSFT,2022-02-07,300.95001220703125,307.8399963378906,299.8999938964844,306.1700134277344,28533300,-4.989990234375
MSFT,2022-02-08,304.5599975585937,305.5599975585937,299.95001220703125,301.25,32421200,3.609985351562443
MSFT,2022-02-09,311.2099914550781,311.92999267578125,307.3900146484375,309.8699951171875,31284700,6.649993896484432
MSFT,2022-02-10,302.3800048828125,309.1199951171875,300.70001220703125,304.0400085449219,45386200,-8.829986572265625
MSFT,2022-02-11,295.0400085449219,304.2900085449219,294.2200012207031,303.19000244140625,39175600,-7.339996337890625
MSFT,2022-02-14,295.0,296.760009765625,291.3500061035156,293.7699890136719,36359500,-0.040008544921875
MSFT,2022-02-15,300.4700012207031,300.79998779296875,297.0199890136719,300.010009765625,27058300,5.470001220703125
MSFT,2022-02-16,299.5,300.8699951171875,293.67999267578125,298.3699951171875,29982100,-0.970001220703125
MSFT,2022-02-17,290.7300109863281,296.79998779296875,290.0,296.3599853515625,32461600,-8.769989013671875
MSFT,2022-02-18,287.92999267578125,293.8599853515625,286.3099975585937,293.04998779296875,34264000,-2.800018310546875
MSFT,2022-02-22,287.7200012207031,291.5400085449219,284.5,285.0,41736100,-0.209991455078125
MSFT,2022-02-23,280.2699890136719,291.70001220703125,280.1000061035156,290.17999267578125,37811200,-7.45001220703125
MSFT,2022-02-24,294.5899963378906,295.1600036621094,271.5199890136719,272.510009765625,56989700,14.32000732421875
MSFT,2022-02-25,297.3099975585937,297.6300048828125,291.6499938964844,295.1400146484375,32546700,2.720001220703068
MSFT,2022-02-28,298.7900085449219,299.1400146484375,293.0,294.3099975585937,34627500,1.4800109863281818
MSFT,2022-03-01,294.95001220703125,299.9700012207031,292.1499938964844,296.3999938964844,31217800,-3.839996337890625
MSFT,2022-03-02,300.19000244140625,301.4700012207031,293.70001220703125,295.3599853515625,31873000,5.239990234375
MSFT,2022-03-03,295.9200134277344,303.1300048828125,294.04998779296875,302.8900146484375,27314500,-4.269989013671875
MSFT,2022-03-04,289.8599853515625,295.6600036621094,287.1700134277344,294.2900085449219,32356500,-6.060028076171875
MSFT,2022-03-07,278.9100036621094,289.69000244140625,278.5299987792969,288.5299987792969,43157200,-10.949981689453125
MSFT,2022-03-08,275.8500061035156,283.9599914550781,270.0,277.79998779296875,48159500,-3.05999755859375
MSFT,2022-03-09,288.5,289.6000061035156,280.7799987792969,283.44000244140625,35204500,12.649993896484375
MSFT,2022-03-10,285.5899963378906,286.6000061035156,280.5799865722656,283.0199890136719,30628000,-2.910003662109375
MSFT,2022-03-11,280.07000732421875,289.510009765625,279.42999267578125,287.9599914550781,27209300,-5.519989013671875
MSFT,2022-03-14,276.44000244140625,285.3999938964844,275.82000732421875,280.3399963378906,30660700,-3.6300048828125
MSFT,2022-03-15,287.1499938964844,287.82000732421875,278.7300109863281,280.3500061035156,34245100,10.709991455078125
MSFT,2022-03-16,294.3900146484375,294.57000732421875,283.20001220703125,289.1099853515625,37826300,7.240020751953125
MSFT,2022-03-17,295.2200012207031,295.6099853515625,289.3699951171875,293.2900085449219,30816600,0.829986572265625
MSFT,2022-03-18,300.42999267578125,301.0,292.7300109863281,295.3699951171875,43390600,5.209991455078125
MSFT,2022-03-21,299.1600036621094,300.1400146484375,294.8999938964844,298.8900146484375,28351200,-1.269989013671875
MSFT,2022-03-22,304.0599975585937,305.0,298.7699890136719,299.79998779296875,27599700,4.899993896484318
MSFT,2022-03-23,299.489990234375,303.2300109863281,297.7200012207031,300.510009765625,25715400,-4.570007324218693
MSFT,2022-03-24,304.1000061035156,304.20001220703125,298.32000732421875,299.1400146484375,24484500,4.610015869140625
MSFT,2022-03-25,303.67999267578125,305.5,299.2900085449219,305.2300109863281,22566500,-0.420013427734375
MSFT,2022-03-28,310.70001220703125,310.79998779296875,304.3299865722656,304.3299865722656,29578200,7.02001953125
MSFT,2022-03-29,315.4100036621094,315.82000732421875,309.04998779296875,313.9100036621094,30393400,4.709991455078125
MSFT,2022-03-30,313.8599853515625,315.95001220703125,311.5799865722656,313.760009765625,28163600,-1.550018310546875
MSFT,2022-03-31,308.3099975585937,315.1400146484375,307.8900146484375,313.8999938964844,33422100,-5.549987792968807
MSFT,2022-04-01,309.4200134277344,310.1300048828125,305.5400085449219,309.3699951171875,27110500,1.1100158691406818
MSFT,2022-04-04,314.9700012207031,315.1099853515625,309.7099914550781,310.0899963378906,24289600,5.54998779296875
MSFT,2022-04-05,310.8800048828125,314.8699951171875,309.8699951171875,313.2699890136719,23156700,-4.089996337890625
MSFT,2022-04-06,299.5,307.0,296.7099914550781,305.19000244140625,40110400,-11.3800048828125
MSFT,2022-04-07,301.3699951171875,303.6499938964844,296.3500061035156,296.6600036621094,31411200,1.8699951171875
MSFT,2022-04-08,296.9700012207031,301.1199951171875,296.2799987792969,300.44000244140625,24361900,-4.399993896484375
MSFT,2022-04-11,285.260009765625,292.6099853515625,285.0,291.7900085449219,34569300,-11.709991455078125
MSFT,2022-04-12,282.0599975585937,290.739990234375,280.489990234375,289.239990234375,30966700,-3.200012207031307
MSFT,2022-04-13,287.6199951171875,288.5799865722656,281.29998779296875,282.7300109863281,21907200,5.559997558593807
MSFT,2022-04-14,279.8299865722656,288.3099975585937,279.32000732421875,288.0899963378906,28221600,-7.790008544921875
MSFT,2022-04-18,280.5199890136719,282.4599914550781,278.3399963378906,278.9100036621094,20778000,0.69000244140625
MSFT,2022-04-19,285.29998779296875,286.1700134277344,278.4100036621094,279.3800048828125,22297700,4.779998779296875
MSFT,2022-04-20,286.3599853515625,289.70001220703125,285.3699951171875,289.3999938964844,22906700,1.05999755859375
MSFT,2022-04-21,280.8099975585937,293.29998779296875,280.0599975585937,288.5799865722656,29454600,-5.549987792968807
MSFT,2022-04-22,274.0299987792969,283.20001220703125,273.3800048828125,281.67999267578125,29405800,-6.779998779296818
MSFT,2022-04-25,280.7200012207031,281.1099853515625,270.7699890136719,273.2900085449219,35678900,6.69000244140625
MSFT,2022-04-26,270.2200012207031,278.3599853515625,270.0,277.5,46518400,-10.5
MSFT,2022-04-27,283.2200012207031,290.9700012207031,279.1600036621094,282.1000061035156,63477700,13.0
MSFT,2022-04-28,289.6300048828125,290.9800109863281,281.4599914550781,285.19000244140625,33646600,6.410003662109375
MSFT,2022-04-29,277.5199890136719,289.8800048828125,276.5,288.6099853515625,37073900,-12.110015869140625
MSFT,2022-05-02,284.4700012207031,284.94000244140625,276.2200012207031,277.7099914550781,35151100,6.95001220703125
MSFT,2022-05-03,281.7799987792969,284.1300048828125,280.1499938964844,283.9599914550781,25978600,-2.69000244140625
MSFT,2022-05-04,289.9800109863281,290.8800048828125,276.7300109863281,282.5899963378906,33599300,8.20001220703125
MSFT,2022-05-05,277.3500061035156,286.3500061035156,274.3399963378906,285.5400085449219,43260400,-12.6300048828125
MSFT,2022-05-06,274.7300109863281,279.25,271.2699890136719,274.8099975585937,37780300,-2.6199951171875
MSFT,2022-05-09,264.5799865722656,272.3599853515625,263.32000732421875,270.0599975585937,47726000,-10.1500244140625
MSFT,2022-05-10,269.5,273.75,265.07000732421875,271.69000244140625,39336400,4.920013427734375
MSFT,2022-05-11,260.54998779296875,271.3599853515625,259.29998779296875,265.67999267578125,48975900,-8.95001220703125
MSFT,2022-05-12,255.3500061035156,259.8800048828125,250.0200042724609,257.69000244140625,51033800,-5.199981689453153
MSFT,2022-05-13,261.1199951171875,263.0400085449219,255.3500061035156,257.3500061035156,34925100,5.769989013671903
MSFT,2022-05-16,261.5,265.82000732421875,255.77999877929688,259.9599914550781,32550900,0.3800048828125
MSFT,2022-05-17,266.82000732421875,268.3299865722656,262.4599914550781,266.1099853515625,28828800,5.32000732421875
MSFT,2022-05-18,254.0800018310547,263.6000061035156,252.7700042724609,263.0,31356000,-12.740005493164062
MSFT,2022-05-19,253.13999938964844,257.6700134277344,251.8800048828125,253.8999938964844,32692300,-0.94000244140625
MSFT,2022-05-20,252.55999755859372,258.5400085449219,246.44000244140625,257.239990234375,39199300,-0.5800018310547159
MSFT,2022-05-23,260.6499938964844,261.5,253.42999267578125,255.4900054931641,33175400,8.089996337890653
MSFT,2022-05-24,259.6199951171875,261.3299865722656,253.5,257.8900146484375,29043900,-1.029998779296875
MSFT,2022-05-25,262.5199890136719,264.5799865722656,257.1300048828125,258.1400146484375,28547900,2.899993896484375
MSFT,2022-05-26,265.8999938964844,267.1099853515625,261.42999267578125,262.2699890136719,25002100,3.3800048828125
MSFT,2022-05-27,273.239990234375,273.3399963378906,267.5599975585937,268.4800109863281,26910800,7.339996337890625
MSFT,2022-05-31,271.8699951171875,274.7699890136719,268.92999267578125,272.5299987792969,37827700,-1.3699951171875
MSFT,2022-06-01,272.4200134277344,277.69000244140625,270.0400085449219,275.20001220703125,25292200,0.550018310546875
MSFT,2022-06-02,274.5799865722656,274.6499938964844,261.6000061035156,264.45001220703125,44008200,2.15997314453125
MSFT,2022-06-03,270.0199890136719,273.45001220703125,268.4100036621094,270.3099975585937,28059000,-4.55999755859375
MSFT,2022-06-06,268.75,274.17999267578125,267.2200012207031,272.0599975585937,22400300,-1.269989013671875
MSFT,2022-06-07,272.5,273.1300048828125,265.94000244140625,266.6400146484375,22860700,3.75
MSFT,2022-06-08,270.4100036621094,273.0,269.6099853515625,271.7099914550781,17372300,-2.089996337890625
MSFT,2022-06-09,264.7900085449219,272.7099914550781,264.6300048828125,267.7799987792969,26439700,-5.6199951171875
MSFT,2022-06-10,252.9900054931641,260.5799865722656,252.52999877929688,260.5799865722656,31422800,-11.800003051757784
MSFT,2022-06-13,242.25999450683597,249.0200042724609,241.52999877929688,245.1100006103516,46135800,-10.730010986328125
MSFT,2022-06-14,244.4900054931641,245.7400054931641,241.50999450683597,243.8600006103516,28651500,2.230010986328125
MSFT,2022-06-15,251.75999450683597,255.3000030517578,246.4199981689453,248.30999755859372,33111700,7.269989013671875
MSFT,2022-06-16,244.97000122070312,247.4199981689453,243.0200042724609,245.97999572753903,33169200,-6.789993286132841
MSFT,2022-06-17,247.6499938964844,250.5,244.02999877929688,244.6999969482422,43084800,2.6799926757812784
MSFT,2022-06-21,253.7400054931641,254.75,249.50999450683597,250.25999450683597,29928300,6.0900115966796875
MSFT,2022-06-22,253.1300048828125,257.1700134277344,250.3699951171875,251.88999938964844,25939900,-0.6100006103515909
MSFT,2022-06-23,258.8599853515625,259.3699951171875,253.6300048828125,255.57000732421875,25861400,5.72998046875
MSFT,2022-06-24,267.70001220703125,267.9800109863281,261.7200012207031,261.8099975585937,33923200,8.84002685546875
MSFT,2022-06-27,264.8900146484375,268.29998779296875,263.2799987792969,268.2099914550781,24615100,-2.80999755859375
MSFT,2022-06-28,256.4800109863281,266.9100036621094,256.32000732421875,263.9800109863281,27295500,-8.410003662109375
MSFT,2022-06-29,260.260009765625,261.9700012207031,255.75999450683597,257.5899963378906,20069800,3.779998779296875
MSFT,2022-06-30,256.8299865722656,259.5299987792969,252.8999938964844,257.04998779296875,31730900,-3.430023193359375
MSFT,2022-07-01,259.5799865722656,259.7699890136719,254.6100006103516,256.3900146484375,22837700,2.75
MSFT,2022-07-05,262.8500061035156,262.9800109863281,254.7400054931641,256.1600036621094,22941000,3.27001953125
MSFT,2022-07-06,266.2099914550781,267.989990234375,262.3999938964844,263.75,23824400,3.3599853515625
MSFT,2022-07-07,268.3999938964844,269.0599975585937,265.0199890136719,265.1199951171875,20859900,2.19000244140625
MSFT,2022-07-08,267.6600036621094,268.1000061035156,263.2900085449219,264.7900085449219,19658800,-0.739990234375
MSFT,2022-07-11,264.510009765625,266.5299987792969,262.17999267578125,265.6499938964844,19455200,-3.149993896484375
MSFT,2022-07-12,253.6699981689453,265.94000244140625,252.0399932861328,265.8800048828125,35868500,-10.840011596679688
MSFT,2022-07-13,252.72000122070312,253.5500030517578,248.1100006103516,250.19000244140625,29497400,-0.9499969482421875
MSFT,2022-07-14,254.0800018310547,255.13999938964844,245.94000244140625,250.57000732421875,25102800,1.3600006103515625
MSFT,2022-07-15,256.7200012207031,260.3699951171875,254.7700042724609,255.72000122070312,29774100,2.6399993896484375
MSFT,2022-07-18,254.25,260.8399963378906,253.3000030517578,259.75,20975000,-2.470001220703125
MSFT,2022-07-19,259.5299987792969,259.7200012207031,253.67999267578125,257.5799865722656,25012600,5.279998779296875
MSFT,2022-07-20,262.2699890136719,264.8699951171875,258.9100036621094,259.8999938964844,22788300,2.739990234375
MSFT,2022-07-21,264.8399963378906,264.8900146484375,257.0299987792969,259.7900085449219,22404700,2.57000732421875
MSFT,2022-07-22,260.3599853515625,265.3299865722656,259.07000732421875,265.239990234375,21881300,-4.480010986328125
MSFT,2022-07-25,258.8299865722656,261.5,256.8099975585937,261.0,21056000,-1.529998779296875
MSFT,2022-07-26,251.8999938964844,259.8800048828125,249.57000732421875,259.8599853515625,39348000,-6.929992675781222
MSFT,2022-07-27,268.739990234375,270.04998779296875,258.8500061035156,261.1600036621094,45994000,16.839996337890597
MSFT,2022-07-28,276.4100036621094,277.8399963378906,267.8699951171875,269.75,33459300,7.670013427734375
MSFT,2022-07-29,280.739990234375,282.0,276.6300048828125,277.70001220703125,32152800,4.329986572265625
MSFT,2022-08-01,278.010009765625,281.2799987792969,275.8399963378906,277.82000732421875,21539600,-2.72998046875
MSFT,2022-08-02,274.82000732421875,277.8900146484375,272.3800048828125,276.0,22754200,-3.19000244140625
MSFT,2022-08-03,282.4700012207031,283.5,276.6099853515625,276.760009765625,23518900,7.649993896484375
MSFT,2022-08-04,283.6499938964844,283.79998779296875,280.1700134277344,281.79998779296875,18098700,1.17999267578125
MSFT,2022-08-05,282.9100036621094,283.6499938964844,278.67999267578125,279.1499938964844,16774600,-0.739990234375
MSFT,2022-08-08,280.32000732421875,285.9200134277344,279.32000732421875,284.04998779296875,18739200,-2.589996337890625
MSFT,2022-08-09,282.29998779296875,283.0799865722656,277.6099853515625,279.6400146484375,23405200,1.97998046875
MSFT,2022-08-10,289.1600036621094,289.8099975585937,286.94000244140625,288.1700134277344,24687800,6.860015869140625
MSFT,2022-08-11,287.0199890136719,291.2099914550781,286.510009765625,290.8500061035156,20065900,-2.1400146484375
MSFT,2022-08-12,291.9100036621094,291.9100036621094,286.94000244140625,288.4800109863281,22619700,4.8900146484375
MSFT,2022-08-15,293.4700012207031,294.17999267578125,290.1099853515625,291.0,18085700,1.55999755859375
MSFT,2022-08-16,292.7099914550781,294.0400085449219,290.4200134277344,291.989990234375,18102900,-0.760009765625
MSFT,2022-08-17,291.32000732421875,293.3500061035156,289.4700012207031,289.739990234375,18253400,-1.389984130859375
MSFT,2022-08-18,290.1700134277344,291.9100036621094,289.0799865722656,290.19000244140625,17186200,-1.149993896484375
MSFT,2022-08-19,286.1499938964844,289.25,285.5599975585937,288.8999938964844,20570000,-4.02001953125
MSFT,2022-08-22,277.75,282.4599914550781,277.2200012207031,282.0799865722656,25061100,-8.399993896484375
MSFT,2022-08-23,276.44000244140625,278.8599853515625,275.3999938964844,276.44000244140625,17527400,-1.30999755859375
MSFT,2022-08-24,275.7900085449219,277.2300109863281,275.1099853515625,275.4100036621094,18137000,-0.649993896484375
MSFT,2022-08-25,278.8500061035156,279.0199890136719,274.5199890136719,277.3299865722656,16583400,3.05999755859375
MSFT,2022-08-26,268.0899963378906,280.3399963378906,267.9800109863281,279.0799865722656,27549300,-10.760009765625
MSFT,2022-08-29,265.2300109863281,267.3999938964844,263.8500061035156,265.8500061035156,20338500,-2.8599853515625
MSFT,2022-08-30,262.9700012207031,267.04998779296875,260.6600036621094,266.6700134277344,22767100,-2.260009765625
MSFT,2022-08-31,261.4700012207031,267.1099853515625,261.3299865722656,265.3900146484375,24791800,-1.5
MSFT,2022-09-01,260.3999938964844,260.8900146484375,255.41000366210935,258.8699951171875,23263400,-1.07000732421875
MSFT,2022-09-02,256.0599975585937,264.739990234375,254.47000122070312,261.70001220703125,22855400,-4.339996337890682
MSFT,2022-09-06,253.25,257.8299865722656,251.94000244140625,256.20001220703125,21328200,-2.809997558593693
MSFT,2022-09-07,258.0899963378906,258.8299865722656,253.22000122070312,254.6999969482422,24126700,4.839996337890625
MSFT,2022-09-08,258.5199890136719,260.42999267578125,254.7899932861328,257.510009765625,20319900,0.42999267578125
MSFT,2022-09-09,264.4599914550781,265.2300109863281,260.2900085449219,260.5,22084700,5.94000244140625
MSFT,2022-09-12,266.6499938964844,267.45001220703125,265.1600036621094,265.7799987792969,18747700,2.19000244140625
MSFT,2022-09-13,251.9900054931641,260.3999938964844,251.58999633789065,258.8399963378906,33353300,-14.659988403320284
MSFT,2022-09-14,252.22000122070312,254.22999572753903,249.8600006103516,253.52999877929688,23913000,0.22999572753903408
MSFT,2022-09-15,245.3800048828125,251.3999938964844,244.0200042724609,249.7700042724609,31530900,-6.839996337890625
MSFT,2022-09-16,244.7400054931641,245.3000030517578,242.05999755859372,244.25999450683597,39791800,-0.6399993896484091
MSFT,2022-09-19,244.5200042724609,245.13999938964844,240.8500061035156,242.47000122070312,26826900,-0.22000122070318184
MSFT,2022-09-20,242.4499969482422,243.50999450683597,239.63999938964844,242.07000732421875,26660300,-2.0700073242187216
MSFT,2022-09-21,238.9499969482422,247.66000366210935,238.8999938964844,244.2700042724609,28625600,-3.5
MSFT,2022-09-22,240.97999572753903,243.8600006103516,237.57000732421875,237.8699951171875,31061200,2.0299987792968466
MSFT,2022-09-23,237.9199981689453,241.1300048828125,235.1999969482422,239.5399932861328,34176000,-3.0599975585937216
MSFT,2022-09-26,237.4499969482422,241.4499969482422,236.8999938964844,237.0500030517578,27694200,-0.470001220703125
MSFT,2022-09-27,236.41000366210935,241.8000030517578,234.5,239.97999572753903,27018700,-1.039993286132841
MSFT,2022-09-28,241.07000732421875,242.3300018310547,234.72999572753903,236.80999755859372,29029700,4.660003662109403
MSFT,2022-09-29,237.5,239.9499969482422,234.41000366210935,238.88999938964844,27484200,-3.57000732421875
MSFT,2022-09-30,232.8999938964844,240.5399932861328,232.72999572753903,238.2899932861328,35694800,-4.600006103515597
MSFT,2022-10-03,240.7400054931641,241.6100006103516,234.66000366210935,235.41000366210935,28880400,7.8400115966796875
MSFT,2022-10-04,248.8800048828125,250.3600006103516,244.97999572753903,245.08999633789065,34888400,8.139999389648409
MSFT,2022-10-05,249.1999969482422,250.5800018310547,244.1000061035156,245.9900054931641,20347100,0.3199920654296875
MSFT,2022-10-06,246.7899932861328,250.33999633789065,246.0800018310547,247.92999267578125,20239900,-2.410003662109375
MSFT,2022-10-07,234.2400054931641,241.32000732421875,233.1699981689453,240.8999938964844,37769600,-12.549987792968722
MSFT,2022-10-10,229.25,234.55999755859372,226.72999572753903,233.0500030517578,29743600,-4.990005493164091
MSFT,2022-10-11,225.41000366210935,229.05999755859372,224.1100006103516,227.6199951171875,30474000,-3.8399963378906534
MSFT,2022-10-12,225.75,227.8600006103516,223.9600067138672,225.3999938964844,21903900,0.3399963378906534
MSFT,2022-10-13,234.2400054931641,236.1000061035156,219.1300048828125,219.8500061035156,42551800,8.490005493164091
MSFT,2022-10-14,228.55999755859372,237.2400054931641,228.33999633789065,235.5399932861328,30198600,-5.680007934570369
MSFT,2022-10-17,237.52999877929688,238.9600067138672,235.13999938964844,235.82000732421875,28142300,8.970001220703153
MSFT,2022-10-18,238.5,243.92999267578125,235.3699951171875,243.2400054931641,26329600,0.970001220703125
MSFT,2022-10-19,236.47999572753903,239.6100006103516,234.2899932861328,237.0399932861328,19985700,-2.020004272460966
MSFT,2022-10-20,236.1499938964844,241.30999755859372,234.8699951171875,235.7700042724609,21811000,-0.33000183105463066
MSFT,2022-10-21,242.1199951171875,243.0,234.5,234.7400054931641,26299700,5.970001220703097
MSFT,2022-10-24,247.25,247.83999633789065,241.3000030517578,243.75999450683597,24911200,5.1300048828125
MSFT,2022-10-25,250.66000366210935,251.0399932861328,245.8300018310547,247.25999450683597,34775500,3.4100036621093466
MSFT,2022-10-26,231.32000732421875,238.3000030517578,230.05999755859372,231.1699981689453,82543200,-19.339996337890597
MSFT,2022-10-27,226.75,233.69000244140625,225.77999877929688,231.0399932861328,40424600,-4.57000732421875
MSFT,2022-10-28,235.8699951171875,236.6000061035156,226.0500030517578,226.2400054931641,40647700,9.1199951171875
MSFT,2022-10-31,232.1300048828125,234.9199981689453,231.1499938964844,233.75999450683597,28357300,-3.739990234375
MSFT,2022-11-01,228.1699981689453,235.7400054931641,227.3300018310547,234.6000061035156,30592300,-3.9600067138671875
MSFT,2022-11-02,220.1000061035156,231.3000030517578,220.0399932861328,229.4600067138672,38407000,-8.069992065429716
MSFT,2022-11-03,214.25,220.41000366210935,213.97999572753903,220.08999633789065,36633900,-5.850006103515597
MSFT,2022-11-04,221.38999938964844,221.58999633789065,213.42999267578125,217.5500030517578,36789100,7.1399993896484375
MSFT,2022-11-07,227.8699951171875,228.41000366210935,221.27999877929688,221.9900054931641,33498000,6.4799957275390625
MSFT,2022-11-08,228.8699951171875,231.6499938964844,225.83999633789065,228.6999969482422,28192500,1.0
MSFT,2022-11-09,224.50999450683597,228.6300048828125,224.3300018310547,227.3699951171875,27852900,-4.360000610351534
MSFT,2022-11-10,242.97999572753903,243.3300018310547,235.0,235.42999267578125,46268000,18.470001220703068
MSFT,2022-11-11,247.1100006103516,247.9900054931641,241.92999267578125,242.9900054931641,34620200,4.130004882812557
MSFT,2022-11-14,241.5500030517578,243.91000366210935,239.2100067138672,241.9900054931641,31123300,-5.559997558593778
MSFT,2022-11-15,241.97000122070312,247.0,240.02999877929688,245.66000366210935,31390100,0.4199981689453125
MSFT,2022-11-16,241.72999572753903,243.8000030517578,240.4199981689453,242.7899932861328,24093300,-0.24000549316409092
MSFT,2022-11-17,241.67999267578125,243.25,237.6300048828125,237.77999877929688,23123500,-0.05000305175778408
MSFT,2022-11-18,241.22000122070312,243.7400054931641,239.02999877929688,243.50999450683597,27613500,-0.459991455078125
MSFT,2022-11-21,242.0500030517578,244.6699981689453,241.19000244140625,241.42999267578125,26394700,0.8300018310546875
MSFT,2022-11-22,245.02999877929688,245.30999755859372,240.7100067138672,243.58999633789065,19665700,2.9799957275390625
MSFT,2022-11-23,247.5800018310547,248.27999877929688,244.2700042724609,245.1100006103516,19508500,2.5500030517578125
MSFT,2022-11-25,247.4900054931641,248.6999969482422,246.72999572753903,247.30999755859372,9200800,-0.08999633789059658
MSFT,2022-11-28,241.75999450683597,246.6499938964844,240.8000030517578,246.0800018310547,24778200,-5.730010986328125
MSFT,2022-11-29,240.3300018310547,242.7899932861328,238.2100067138672,241.3999938964844,17956300,-1.4299926757812784
MSFT,2022-11-30,255.13999938964844,255.3300018310547,239.8600006103516,240.57000732421875,47594200,14.80999755859375
MSFT,2022-12-01,254.69000244140625,256.1199951171875,250.9199981689453,253.8699951171875,26041500,-0.4499969482421875
MSFT,2022-12-02,255.0200042724609,256.0599975585937,249.69000244140625,249.82000732421875,21528500,0.3300018310546591
MSFT,2022-12-05,250.1999969482422,253.82000732421875,248.05999755859372,252.00999450683597,23435300,-4.820007324218722
MSFT,2022-12-06,245.1199951171875,251.8600006103516,243.77999877929688,250.82000732421875,22463700,-5.0800018310546875
MSFT,2022-12-07,244.3699951171875,246.16000366210935,242.2100067138672,244.8300018310547,20481500,-0.75
MSFT,2022-12-08,247.3999938964844,248.7400054931641,243.05999755859372,244.83999633789065,22611800,3.0299987792969034
MSFT,2022-12-09,245.4199981689453,248.30999755859372,244.16000366210935,244.6999969482422,20609700,-1.979995727539091
MSFT,2022-12-12,252.50999450683597,252.5399932861328,247.1699981689453,247.4499969482422,30665100,7.089996337890653
MSFT,2022-12-13,256.9200134277344,263.9200134277344,253.07000732421875,261.69000244140625,42196900,4.410018920898409
MSFT,2022-12-14,257.2200012207031,262.5899963378906,254.30999755859372,257.1300048828125,35410900,0.29998779296875
MSFT,2022-12-15,249.00999450683597,254.1999969482422,247.33999633789065,253.72000122070312,35560400,-8.210006713867159
MSFT,2022-12-16,244.69000244140625,249.83999633789065,243.50999450683597,248.5500030517578,86102000,-4.319992065429716
MSFT,2022-12-19,240.4499969482422,245.2100067138672,238.7100067138672,244.8600006103516,29696400,-4.2400054931640625
MSFT,2022-12-20,241.8000030517578,242.91000366210935,238.4199981689453,239.3999938964844,25150800,1.350006103515625
MSFT,2022-12-21,244.42999267578125,245.6199951171875,240.1100006103516,241.69000244140625,23690600,2.6299896240234375
MSFT,2022-12-22,238.19000244140625,241.9900054931641,233.8699951171875,241.25999450683597,28651700,-6.239990234375
MSFT,2022-12-23,238.72999572753903,238.8699951171875,233.94000244140625,236.1100006103516,21207000,0.5399932861327841
MSFT,2022-12-27,236.9600067138672,238.92999267578125,235.8300018310547,238.6999969482422,16688600,-1.7699890136718466
MSFT,2022-12-28,234.52999877929688,239.72000122070312,234.1699981689453,236.88999938964844,17457100,-2.4300079345703125
MSFT,2022-12-29,241.00999450683597,241.9199981689453,235.6499938964844,235.6499938964844,19770700,6.479995727539091
MSFT,2022-12-30,239.82000732421875,239.9600067138672,236.66000366210935,238.2100067138672,21938500,-1.189987182617216
MSFT,2023-01-03,239.5800018310547,245.75,237.3999938964844,243.0800018310547,25740000,-0.2400054931640625
MSFT,2023-01-04,229.1000061035156,232.8699951171875,225.9600067138672,232.27999877929688,50623400,-10.479995727539091
MSFT,2023-01-05,222.30999755859372,227.5500030517578,221.75999450683597,227.1999969482422,39585600,-6.790008544921875
MSFT,2023-01-06,224.92999267578125,225.75999450683597,219.3500061035156,223.0,43613600,2.6199951171875284
MSFT,2023-01-09,227.1199951171875,231.2400054931641,226.41000366210935,226.4499969482422,27369800,2.19000244140625
MSFT,2023-01-10,228.8500061035156,231.30999755859372,227.3300018310547,227.75999450683597,27033900,1.7300109863280966
MSFT,2023-01-11,235.7700042724609,235.9499969482422,231.1100006103516,231.2899932861328,28669300,6.9199981689453125
MSFT,2023-01-12,238.50999450683597,239.8999938964844,233.55999755859372,235.25999450683597,27269500,2.739990234375057
MSFT,2023-01-13,239.22999572753903,239.3699951171875,234.9199981689453,237.0,21333300,0.7200012207030682
MSFT,2023-01-17,240.3500061035156,240.91000366210935,237.08999633789065,237.97000122070312,29831300,1.1200103759765625
MSFT,2023-01-18,235.80999755859372,242.3800048828125,235.5200042724609,241.57000732421875,30028700,-4.540008544921875
MSFT,2023-01-19,231.92999267578125,235.5200042724609,230.67999267578125,233.77999877929688,28623000,-3.8800048828124716
MSFT,2023-01-20,240.22000122070312,240.7400054931641,234.50999450683597,234.8600006103516,35389800,8.290008544921875
MSFT,2023-01-23,242.5800018310547,245.1699981689453,239.6499938964844,241.1000061035156,31934000,2.3600006103515625
MSFT,2023-01-24,242.0399932861328,243.9499969482422,240.44000244140625,242.5,40234400,-0.540008544921875
MSFT,2023-01-25,240.6100006103516,243.3000030517578,230.8999938964844,234.47999572753903,66526600,-1.4299926757812216
MSFT,2023-01-26,248.0,248.30999755859372,242.0,243.6499938964844,33454500,7.389999389648409
MSFT,2023-01-27,248.16000366210935,249.8300018310547,246.8300018310547,248.9900054931641,26498900,0.16000366210934658
MSFT,2023-01-30,242.7100067138672,245.6000061035156,242.1999969482422,244.50999450683597,25867400,-5.449996948242159
MSFT,2023-01-31,247.80999755859372,247.9499969482422,242.9499969482422,243.4499969482422,26541100,5.099990844726534
MSFT,2023-02-01,252.75,255.17999267578125,245.47000122070312,248.0,31259900,4.940002441406278
MSFT,2023-02-02,264.6000061035156,264.69000244140625,257.25,258.82000732421875,39940400,11.850006103515625
MSFT,2023-02-03,258.3500061035156,264.20001220703125,257.1000061035156,259.5400085449219,29077300,-6.25
MSFT,2023-02-06,256.7699890136719,258.29998779296875,254.77999877929688,257.44000244140625,22518000,-1.58001708984375
MSFT,2023-02-07,267.5599975585937,268.7699890136719,260.0799865722656,260.5299987792969,50841400,10.790008544921818
MSFT,2023-02-08,266.7300109863281,276.760009765625,266.2099914550781,273.20001220703125,54686000,-0.8299865722655682
MSFT,2023-02-09,263.6199951171875,273.9800109863281,262.79998779296875,273.79998779296875,42375100,-3.110015869140625
MSFT,2023-02-10,263.1000061035156,264.0899963378906,260.6600036621094,261.5299987792969,25818500,-0.519989013671875
MSFT,2023-02-13,271.32000732421875,274.6000061035156,267.1499938964844,267.6400146484375,44630900,8.220001220703125
MSFT,2023-02-14,272.1700134277344,274.9700012207031,269.2799987792969,272.6700134277344,37047900,0.850006103515625
MSFT,2023-02-15,269.32000732421875,270.7300109863281,266.17999267578125,268.32000732421875,28922400,-2.850006103515625
MSFT,2023-02-16,262.1499938964844,266.739990234375,261.8999938964844,264.0199890136719,29603600,-7.170013427734375
MSFT,2023-02-17,258.0599975585937,260.0899963378906,256.0,259.3900146484375,30000100,-4.089996337890682
MSFT,2023-02-21,252.6699981689453,255.4900054931641,251.58999633789065,254.47999572753903,28397400,-5.389999389648381
MSFT,2023-02-22,251.50999450683597,254.33999633789065,250.33999633789065,254.08999633789065,22491100,-1.1600036621093466
MSFT,2023-02-23,254.7700042724609,256.8399963378906,250.47999572753903,255.55999755859372,29219100,3.260009765624943
MSFT,2023-02-24,249.22000122070312,251.0,248.1000061035156,249.9600067138672,24990900,-5.550003051757784
MSFT,2023-02-27,250.16000366210935,252.82000732421875,249.38999938964844,252.4600067138672,21190000,0.9400024414062216
MSFT,2023-02-28,249.4199981689453,251.4900054931641,248.72999572753903,249.07000732421875,22491000,-0.7400054931640341
MSFT,2023-03-01,246.2700042724609,250.92999267578125,245.7899932861328,250.75999450683597,27565300,-3.1499938964844034
MSFT,2023-03-02,251.1100006103516,251.3999938964844,245.6100006103516,246.5500030517578,24808200,4.839996337890682
MSFT,2023-03-03,255.2899932861328,255.6199951171875,251.38999938964844,252.19000244140625,30760100,4.179992675781222
MSFT,2023-03-06,256.8699951171875,260.1199951171875,255.97999572753903,256.42999267578125,24109800,1.5800018310546875
MSFT,2023-03-07,254.1499938964844,257.69000244140625,253.38999938964844,256.29998779296875,21473200,-2.7200012207030966
MSFT,2023-03-08,253.6999969482422,254.5399932861328,250.80999755859372,254.0399932861328,17340200,-0.4499969482422159
MSFT,2023-03-09,252.32000732421875,259.5599975585937,251.5800018310547,255.82000732421875,26653400,-1.3799896240234375
MSFT,2023-03-10,248.58999633789065,252.7899932861328,247.6000061035156,251.0800018310547,28333900,-3.7300109863280966
MSFT,2023-03-13,253.9199981689453,257.9100036621094,245.72999572753903,247.3999938964844,33339700,5.330001831054659
MSFT,2023-03-14,260.7900085449219,261.07000732421875,255.8600006103516,256.75,33620300,6.8700103759765625
MSFT,2023-03-15,265.44000244140625,266.4800109863281,259.2099914550781,259.9800109863281,46028000,4.649993896484375
MSFT,2023-03-16,276.20001220703125,276.5599975585937,263.2799987792969,265.2099914550781,54768800,10.760009765625
MSFT,2023-03-17,279.42999267578125,283.3299865722656,276.32000732421875,278.260009765625,69527400,3.22998046875
MSFT,2023-03-20,272.2300109863281,277.4800109863281,269.8500061035156,276.9800109863281,43466600,-7.199981689453125
MSFT,2023-03-21,273.7799987792969,275.0,269.5199890136719,274.8800048828125,34558700,1.54998779296875
MSFT,2023-03-22,272.2900085449219,281.0400085449219,272.17999267578125,273.3999938964844,34873300,-1.489990234375
MSFT,2023-03-23,277.6600036621094,281.0599975585937,275.20001220703125,277.94000244140625,36610900,5.3699951171875
MSFT,2023-03-24,280.57000732421875,280.6300048828125,275.2799987792969,277.239990234375,28172000,2.910003662109375
MSFT,2023-03-27,276.3800048828125,281.4599914550781,275.5199890136719,280.5,26840200,-4.19000244140625
MSFT,2023-03-28,275.2300109863281,276.1400146484375,272.04998779296875,275.7900085449219,21878600,-1.149993896484375
MSFT,2023-03-29,280.510009765625,281.1400146484375,278.4100036621094,278.9599914550781,25087000,5.279998779296875
MSFT,2023-03-30,284.04998779296875,284.4599914550781,281.4800109863281,284.2300109863281,25053400,3.53997802734375
MSFT,2023-03-31,288.29998779296875,289.2699890136719,283.0,283.7300109863281,32766000,4.25
MSFT,2023-04-03,287.2300109863281,288.2699890136719,283.95001220703125,286.5199890136719,24883300,-1.069976806640625
MSFT,2023-04-04,287.17999267578125,290.45001220703125,285.6700134277344,287.2300109863281,25824300,-0.050018310546875
MSFT,2023-04-05,284.3399963378906,287.1499938964844,282.9200134277344,285.8500061035156,22064800,-2.839996337890625
MSFT,2023-04-06,291.6000061035156,292.0799865722656,282.0299987792969,283.2099914550781,29770300,7.260009765625
MSFT,2023-04-10,289.3900146484375,289.6000061035156,284.7099914550781,289.2099914550781,23103000,-2.209991455078125
MSFT,2023-04-11,282.8299865722656,285.9800109863281,281.6400146484375,285.75,27276600,-6.560028076171875
MSFT,2023-04-12,283.489990234375,287.010009765625,281.9599914550781,284.7900085449219,27403400,0.660003662109375
MSFT,2023-04-13,289.8399963378906,289.8999938964844,283.1700134277344,283.5899963378906,24222700,6.350006103515625
MSFT,2023-04-14,286.1400146484375,288.4800109863281,283.69000244140625,287.0,20987900,-3.699981689453125
MSFT,2023-04-17,288.79998779296875,291.6000061035156,286.1600036621094,289.92999267578125,23836200,2.65997314453125
MSFT,2023-04-18,288.3699951171875,291.760009765625,287.010009765625,291.57000732421875,20161800,-0.42999267578125
MSFT,2023-04-19,288.45001220703125,289.04998779296875,284.5400085449219,285.989990234375,17150300,0.08001708984375
MSFT,2023-04-20,286.1099853515625,289.0299987792969,285.0799865722656,285.25,23244400,-2.34002685546875
MSFT,2023-04-21,285.760009765625,286.2699890136719,283.0599975585937,285.010009765625,21676400,-0.3499755859375
MSFT,2023-04-24,281.7699890136719,284.95001220703125,278.7200012207031,282.0899963378906,26611000,-3.990020751953125
MSFT,2023-04-25,275.4200134277344,281.6000061035156,275.3699951171875,279.510009765625,45772200,-6.3499755859375
MSFT,2023-04-26,295.3699951171875,299.57000732421875,292.7300109863281,296.70001220703125,64599200,19.949981689453125
MSFT,2023-04-27,304.8299865722656,305.20001220703125,295.25,295.9700012207031,46462600,9.459991455078125
MSFT,2023-04-28,307.260009765625,308.92999267578125,303.3099975585937,304.010009765625,36446700,2.430023193359375
MSFT,2023-05-01,305.5599975585937,308.6000061035156,305.1499938964844,306.9700012207031,21294100,-1.7000122070313068
MSFT,2023-05-02,305.4100036621094,309.17999267578125,303.9100036621094,307.760009765625,26404400,-0.14999389648431816
MSFT,2023-05-03,304.3999938964844,308.6099853515625,304.0899963378906,306.6199951171875,22360800,-1.010009765625
MSFT,2023-05-04,305.4100036621094,307.760009765625,303.3999938964844,306.239990234375,22519900,1.010009765625
MSFT,2023-05-05,310.6499938964844,311.9700012207031,304.2699890136719,305.7200012207031,28181200,5.239990234375
MSFT,2023-05-08,308.6499938964844,310.20001220703125,306.0899963378906,310.1300048828125,21318600,-2.0
MSFT,2023-05-09,307.0,310.0400085449219,306.3099975585937,308.0,21340800,-1.649993896484375
MSFT,2023-05-10,312.3099975585937,313.0,307.6700134277344,308.6199951171875,30078000,5.309997558593693
MSFT,2023-05-11,310.1099853515625,311.1199951171875,306.260009765625,310.1000061035156,31680200,-2.200012207031193
MSFT,2023-05-12,308.9700012207031,310.6499938964844,306.6000061035156,310.54998779296875,19758100,-1.139984130859375
MSFT,2023-05-15,309.4599914550781,309.8999938964844,307.5899963378906,309.1000061035156,16336500,0.489990234375
MSFT,2023-05-16,311.739990234375,313.7099914550781,309.8299865722656,309.8299865722656,26730300,2.279998779296875
MSFT,2023-05-17,314.0,314.42999267578125,310.739990234375,312.2900085449219,24315000,2.260009765625
MSFT,2023-05-18,318.5199890136719,319.0400085449219,313.7200012207031,314.5299987792969,27276000,4.519989013671875
MSFT,2023-05-19,318.3399963378906,318.75,316.3699951171875,316.739990234375,27529500,-0.17999267578125
MSFT,2023-05-22,321.17999267578125,322.5899963378906,318.010009765625,318.6000061035156,24115700,2.839996337890625
MSFT,2023-05-23,315.260009765625,322.7200012207031,315.25,320.0299987792969,30797200,-5.91998291015625
MSFT,2023-05-24,313.8500061035156,316.5,312.6099853515625,314.7300109863281,23384900,-1.410003662109375
MSFT,2023-05-25,325.9200134277344,326.8999938964844,320.0,323.239990234375,43301700,12.07000732421875
MSFT,2023-05-26,332.8900146484375,333.3999938964844,323.8800048828125,324.0199890136719,36630600,6.970001220703125
MSFT,2023-05-30,331.2099914550781,335.739990234375,330.5199890136719,335.2300109863281,29503100,-1.680023193359375
MSFT,2023-05-31,328.3900146484375,335.94000244140625,327.3299865722656,332.2900085449219,45950600,-2.819976806640625
MSFT,2023-06-01,332.5799865722656,333.5299987792969,324.7200012207031,325.92999267578125,26773900,4.189971923828125
MSFT,2023-06-02,335.3999938964844,337.5,332.54998779296875,334.25,25864000,2.82000732421875
MSFT,2023-06-05,335.94000244140625,338.5599975585937,334.6600036621094,335.2200012207031,21307100,0.540008544921875
MSFT,2023-06-06,333.67999267578125,335.3699951171875,332.1700134277344,335.3299865722656,20396200,-2.260009765625
MSFT,2023-06-07,323.3800048828125,334.489990234375,322.5,331.6499938964844,40717100,-10.29998779296875
MSFT,2023-06-08,325.260009765625,326.6400146484375,323.3500061035156,323.94000244140625,23277700,1.8800048828125
MSFT,2023-06-09,326.7900085449219,329.989990234375,324.4100036621094,324.989990234375,22514900,1.529998779296875
MSFT,2023-06-12,331.8500061035156,332.1000061035156,325.1600036621094,328.5799865722656,24260300,5.05999755859375
MSFT,2023-06-13,334.2900085449219,336.9800109863281,330.3900146484375,334.4700012207031,22951300,2.44000244140625
MSFT,2023-06-14,337.3399963378906,339.0400085449219,332.8099975585937,334.3399963378906,26003800,3.04998779296875
MSFT,2023-06-15,348.1000061035156,349.8399963378906,337.20001220703125,337.4800109863281,38899100,10.760009765625
MSFT,2023-06-16,342.3299865722656,351.4700012207031,341.95001220703125,351.32000732421875,46533600,-5.77001953125
MSFT,2023-06-20,338.04998779296875,342.0799865722656,335.8599853515625,339.3099975585937,26375400,-4.279998779296875
MSFT,2023-06-21,333.5599975585937,337.7300109863281,332.07000732421875,336.3699951171875,25117800,-4.489990234375057
MSFT,2023-06-22,339.7099914550781,340.1199951171875,333.3399963378906,334.1199951171875,23556800,6.149993896484432
MSFT,2023-06-23,335.0199890136719,337.9599914550781,333.45001220703125,334.3599853515625,23084700,-4.69000244140625
MSFT,2023-06-26,328.6000061035156,336.1099853515625,328.489990234375,333.7200012207031,21520600,-6.41998291015625
MSFT,2023-06-27,334.57000732421875,336.1499938964844,329.29998779296875,331.8599853515625,24354100,5.970001220703125
MSFT,2023-06-28,335.8500061035156,337.9800109863281,333.8099975585937,334.6600036621094,20259500,1.279998779296875
MSFT,2023-06-29,335.04998779296875,336.1099853515625,332.6199951171875,334.7099914550781,16997000,-0.800018310546875
MSFT,2023-06-30,340.5400085449219,342.7300109863281,337.20001220703125,337.75,26823800,5.490020751953125
MSFT,2023-07-03,337.989990234375,340.8999938964844,336.57000732421875,339.19000244140625,12508700,-2.550018310546875
MSFT,2023-07-05,338.1499938964844,341.6499938964844,334.7300109863281,335.0899963378906,18172400,0.160003662109375
MSFT,2023-07-06,341.2699890136719,342.989990234375,335.5,337.29998779296875,28161200,3.1199951171875
MSFT,2023-07-07,337.2200012207031,341.7900085449219,337.0,339.32000732421875,21185300,-4.04998779296875
MSFT,2023-07-10,331.8299865722656,335.2300109863281,327.5899963378906,334.6000061035156,32791400,-5.3900146484375
MSFT,2023-07-11,332.4700012207031,332.8599853515625,327.0,331.0599975585937,26698200,0.6400146484375
MSFT,2023-07-12,337.20001220703125,341.6499938964844,335.6700134277344,336.6000061035156,29995300,4.730010986328125
MSFT,2023-07-13,342.6600036621094,343.739990234375,339.0199890136719,339.5599975585937,20567200,5.459991455078125
MSFT,2023-07-14,345.239990234375,351.42999267578125,344.3099975585937,347.5899963378906,28302200,2.579986572265625
MSFT,2023-07-17,345.7300109863281,346.989990234375,342.20001220703125,345.67999267578125,20363900,0.490020751953125
MSFT,2023-07-18,359.489990234375,366.7799987792969,342.1700134277344,345.8299865722656,64872700,13.759979248046875
MSFT,2023-07-19,355.0799865722656,362.4599914550781,352.44000244140625,361.75,39732900,-4.410003662109375
MSFT,2023-07-20,346.8699951171875,357.9700012207031,345.3699951171875,353.57000732421875,33778400,-8.209991455078125
MSFT,2023-07-21,343.7699890136719,350.29998779296875,339.8299865722656,349.1499938964844,69368900,-3.100006103515625
MSFT,2023-07-24,345.1099853515625,346.9200134277344,342.3099975585937,345.8500061035156,26678100,1.339996337890625
MSFT,2023-07-25,350.9800109863281,351.8900146484375,345.07000732421875,347.1099853515625,41637700,5.870025634765625
MSFT,2023-07-26,337.7699890136719,344.6700134277344,333.1099853515625,341.44000244140625,58383700,-13.21002197265625
MSFT,2023-07-27,330.7200012207031,341.3299865722656,329.04998779296875,340.4800109863281,39635300,-7.04998779296875
MSFT,2023-07-28,338.3699951171875,340.010009765625,333.1700134277344,333.6700134277344,28484900,7.649993896484375
MSFT,2023-07-31,335.9200134277344,337.70001220703125,333.3599853515625,336.9200134277344,25446000,-2.449981689453125
MSFT,2023-08-01,336.3399963378906,338.5400085449219,333.70001220703125,335.19000244140625,18311900,0.41998291015625
MSFT,2023-08-02,327.5,333.6300048828125,326.3599853515625,333.6300048828125,27761300,-8.839996337890625
MSFT,2023-08-03,326.6600036621094,329.8800048828125,325.95001220703125,326.0,18253700,-0.839996337890625
MSFT,2023-08-04,327.7799987792969,335.1400146484375,327.239990234375,331.8800048828125,23727700,1.1199951171875
MSFT,2023-08-07,330.1099853515625,331.1099853515625,327.5199890136719,328.3699951171875,17741500,2.329986572265625
MSFT,2023-08-08,326.04998779296875,328.75,323.0,326.9599914550781,22327600,-4.05999755859375
MSFT,2023-08-09,322.2300109863281,327.1099853515625,321.04998779296875,326.4700012207031,22373300,-3.819976806640625
MSFT,2023-08-10,322.92999267578125,328.260009765625,321.17999267578125,326.0199890136719,20113700,0.699981689453125
MSFT,2023-08-11,321.010009765625,322.4100036621094,319.2099914550781,320.260009765625,24342600,-1.91998291015625
MSFT,2023-08-14,324.0400085449219,324.0599975585937,320.0799865722656,321.3900146484375,18836100,3.029998779296875
MSFT,2023-08-15,321.8599853515625,325.0899963378906,320.8999938964844,323.0,16966300,-2.180023193359375
MSFT,2023-08-16,320.3999938964844,324.4200134277344,319.79998779296875,320.79998779296875,20698900,-1.459991455078125
MSFT,2023-08-17,316.8800048828125,321.8699951171875,316.2099914550781,320.5400085449219,21257200,-3.519989013671875
MSFT,2023-08-18,316.4800109863281,318.3800048828125,311.54998779296875,314.489990234375,24744800,-0.399993896484375
MSFT,2023-08-21,321.8800048828125,322.7699890136719,317.0400085449219,317.92999267578125,24040000,5.399993896484375
MSFT,2023-08-22,322.4599914550781,326.0799865722656,321.4599914550781,325.5,16102000,0.579986572265625
MSFT,2023-08-23,327.0,329.20001220703125,323.4599914550781,323.82000732421875,21166400,4.540008544921875
MSFT,2023-08-24,319.9700012207031,332.9800109863281,319.9599914550781,332.8500061035156,23281400,-7.029998779296875
MSFT,2023-08-25,322.9800109863281,325.3599853515625,318.79998779296875,321.4700012207031,21684100,3.010009765625
MSFT,2023-08-28,323.70001220703125,326.1499938964844,321.7200012207031,325.6600036621094,14808500,0.720001220703125
MSFT,2023-08-29,328.4100036621094,328.9800109863281,321.8800048828125,321.8800048828125,19284600,4.709991455078125
MSFT,2023-08-30,328.7900085449219,329.8099975585937,326.45001220703125,328.6700134277344,15222100,0.3800048828125
MSFT,2023-08-31,327.760009765625,330.9100036621094,326.7799987792969,329.20001220703125,26411000,-1.029998779296875
MSFT,2023-09-01,328.6600036621094,331.989990234375,326.7799987792969,331.3099975585937,14931200,0.899993896484375
MSFT,2023-09-05,333.54998779296875,334.8500061035156,328.6600036621094,329.0,18553900,4.889984130859375
MSFT,2023-09-06,332.8800048828125,334.4599914550781,330.17999267578125,333.3800048828125,17535800,-0.66998291015625
MSFT,2023-09-07,329.9100036621094,333.0799865722656,329.0299987792969,331.2900085449219,18381000,-2.970001220703125
MSFT,2023-09-08,334.2699890136719,336.1600036621094,329.4599914550781,330.0899963378906,19530100,4.3599853515625
MSFT,2023-09-11,337.94000244140625,338.4200134277344,335.42999267578125,337.239990234375,16583300,3.670013427734375
MSFT,2023-09-12,331.7699890136719,336.7900085449219,331.4800109863281,335.82000732421875,17565500,-6.170013427734375
MSFT,2023-09-13,336.0599975585937,336.8500061035156,331.1700134277344,331.3099975585937,16544400,4.290008544921818
MSFT,2023-09-14,338.70001220703125,340.8599853515625,336.57000732421875,339.1499938964844,20267000,2.640014648437557
MSFT,2023-09-15,330.2200012207031,337.3999938964844,329.6499938964844,336.9200134277344,37666900,-8.480010986328125
MSFT,2023-09-18,329.0599975585937,330.3999938964844,326.3599853515625,327.79998779296875,16834200,-1.1600036621094318
MSFT,2023-09-19,328.6499938964844,329.3900146484375,324.510009765625,326.1700134277344,16505900,-0.41000366210931816
MSFT,2023-09-20,320.7699890136719,329.5899963378906,320.510009765625,329.510009765625,21436500,-7.8800048828125
MSFT,2023-09-21,319.5299987792969,325.3500061035156,315.0,319.260009765625,35529500,-1.239990234375
MSFT,2023-09-22,317.010009765625,321.45001220703125,316.1499938964844,321.32000732421875,21447900,-2.519989013671875
MSFT,2023-09-25,317.5400085449219,317.6700134277344,315.0,316.5899963378906,17836000,0.529998779296875
MSFT,2023-09-26,312.1400146484375,315.8800048828125,310.0199890136719,315.1300048828125,26297600,-5.399993896484375
MSFT,2023-09-27,312.7900085449219,314.29998779296875,309.69000244140625,312.29998779296875,19410100,0.649993896484375
MSFT,2023-09-28,313.6400146484375,315.4800109863281,309.45001220703125,310.989990234375,19683600,0.850006103515625
MSFT,2023-09-29,315.75,319.4700012207031,314.9800109863281,317.75,24140300,2.1099853515625
MSFT,2023-10-02,321.79998779296875,321.8900146484375,315.17999267578125,316.2799987792969,20570000,6.04998779296875
MSFT,2023-10-03,313.3900146484375,321.3900146484375,311.2099914550781,320.8299865722656,21033500,-8.40997314453125
MSFT,2023-10-04,318.9599914550781,320.0400085449219,314.0,314.0299987792969,20720100,5.569976806640625
MSFT,2023-10-05,319.3599853515625,319.9800109863281,314.8999938964844,319.0899963378906,16965600,0.399993896484375
MSFT,2023-10-06,327.260009765625,329.19000244140625,316.29998779296875,316.54998779296875,25645500,7.9000244140625
MSFT,2023-10-09,329.82000732421875,330.29998779296875,323.17999267578125,324.75,19891200,2.55999755859375
MSFT,2023-10-10,328.3900146484375,331.1000061035156,327.6700134277344,330.9599914550781,20557100,-1.42999267578125
MSFT,2023-10-11,332.4200134277344,332.82000732421875,329.1400146484375,331.2099914550781,20063200,4.029998779296875
MSFT,2023-10-12,331.1600036621094,333.6300048828125,328.7200012207031,330.57000732421875,19313100,-1.260009765625
MSFT,2023-10-13,327.7300109863281,333.8299865722656,326.3599853515625,332.3800048828125,21072400,-3.42999267578125
MSFT,2023-10-16,332.6400146484375,336.1400146484375,330.6000061035156,331.04998779296875,22158000,4.910003662109375
MSFT,2023-10-17,332.0599975585937,333.4599914550781,327.4100036621094,329.5899963378906,18338500,-0.5800170898438068
MSFT,2023-10-18,330.1099853515625,335.5899963378906,328.29998779296875,332.489990234375,23153600,-1.9500122070311932
MSFT,2023-10-19,331.32000732421875,336.8800048828125,330.9100036621094,332.1499938964844,25052100,1.21002197265625
MSFT,2023-10-20,326.6700134277344,331.9200134277344,325.45001220703125,331.7200012207031,25012600,-4.649993896484375
MSFT,2023-10-23,329.32000732421875,332.7300109863281,324.3900146484375,325.4700012207031,24374700,2.649993896484375
MSFT,2023-10-24,330.5299987792969,331.8399963378906,327.6000061035156,331.29998779296875,31153600,1.209991455078125
MSFT,2023-10-25,340.6700134277344,346.20001220703125,337.6199951171875,345.0199890136719,55053800,10.1400146484375
MSFT,2023-10-26,327.8900146484375,341.6300048828125,326.94000244140625,340.5400085449219,37828500,-12.779998779296875
MSFT,2023-10-27,329.8099975585937,336.7200012207031,328.3999938964844,330.42999267578125,29856500,1.9199829101561932
MSFT,2023-10-30,337.3099975585937,339.45001220703125,331.8299865722656,333.4100036621094,22828100,7.5
MSFT,2023-10-31,338.1099853515625,339.0,334.69000244140625,338.8500061035156,20265300,0.7999877929688068
MSFT,2023-11-01,346.07000732421875,347.4200134277344,339.6499938964844,339.7900085449219,28158800,7.96002197265625
MSFT,2023-11-02,348.32000732421875,348.8299865722656,344.7699890136719,347.239990234375,24348100,2.25
MSFT,2023-11-03,352.79998779296875,354.3900146484375,347.3299865722656,349.6300048828125,23624000,4.47998046875
MSFT,2023-11-06,356.5299987792969,357.5400085449219,353.3500061035156,353.45001220703125,23828300,3.730010986328125
MSFT,2023-11-07,360.5299987792969,362.4599914550781,357.6300048828125,359.3999938964844,25833900,4.0
MSFT,2023-11-08,363.2000122070313,363.8699951171875,360.5499877929688,361.6799926757813,26767800,2.670013427734432
MSFT,2023-11-09,360.6900024414063,364.7900085449219,360.3599853515625,362.2999877929688,24847300,-2.510009765625
MSFT,2023-11-10,369.6700134277344,370.1000061035156,361.0700073242188,361.489990234375,28042100,8.980010986328068
MSFT,2023-11-13,366.6799926757813,368.4700012207031,365.8999938964844,368.2200012207031,19986500,-2.990020751953068
MSFT,2023-11-14,370.2699890136719,371.9500122070313,367.3500061035156,371.010009765625,27683900,3.589996337890568
MSFT,2023-11-15,369.6700134277344,373.1300048828125,367.1099853515625,371.2799987792969,26860100,-0.5999755859375
MSFT,2023-11-16,376.1700134277344,376.3500061035156,370.1799926757813,370.9599914550781,27182300,6.5
MSFT,2023-11-17,369.8500061035156,374.3699951171875,367.0,373.6099853515625,40157000,-6.32000732421875
MSFT,2023-11-20,377.4400024414063,378.8699951171875,371.0,371.2200012207031,52465100,7.589996337890682
MSFT,2023-11-21,373.0700073242188,376.2200012207031,371.1199951171875,375.6700134277344,28423100,-4.3699951171875
MSFT,2023-11-22,377.8500061035156,379.7900085449219,374.9700012207031,378.0,23345300,4.779998779296818
MSFT,2023-11-24,377.4299926757813,377.9700012207031,375.1400146484375,377.3299865722656,10176600,-0.42001342773431816
MSFT,2023-11-27,378.6099853515625,380.6400146484375,376.2000122070313,376.7799987792969,22179200,1.1799926757811932
MSFT,2023-11-28,382.7000122070313,383.0,378.1600036621094,378.3500061035156,20453100,4.090026855468807
MSFT,2023-11-29,378.8500061035156,384.2999877929688,377.4400024414063,383.760009765625,28963400,-3.850006103515682
MSFT,2023-11-30,378.9100036621094,380.05999755859375,375.4700012207031,378.489990234375,26999685,0.05999755859375
